{
  "name": "blueimp-gallery",
  "version": "2.15.0",
  "title": "blueimp Gallery",
  "description": "blueimp Gallery is a touch-enabled, responsive and customizable image and video gallery, carousel and lightbox, optimized for both mobile and desktop web browsers. It features swipe, mouse and keyboard navigation, transition effects, slideshow functionality, fullscreen support and on-demand content loading and can be extended to display additional content types.",
  "keywords": [
    "image",
    "video",
    "gallery",
    "carousel",
    "lightbox",
    "mobile",
    "desktop",
    "touch",
    "responsive",
    "swipe",
    "mouse",
    "keyboard",
    "navigation",
    "transition",
    "effects",
    "slideshow",
    "fullscreen"
  ],
  "homepage": "https://github.com/blueimp/Gallery",
  "author": {
    "name": "Sebastian Tschan",
    "url": "https://blueimp.net"
  },
  "maintainers": [
    {
      "name": "Sebastian Tschan",
      "url": "https://blueimp.net"
    }
  ],
  "bugs": "https://github.com/blueimp/Gallery/issues",
  "licenses": [
    {
      "type": "MIT",
      "url": "http://www.opensource.org/licenses/MIT"
    }
  ],
  "dependencies": {
    "jquery": ">=1.7"
  },
  "docs": "https://github.com/blueimp/Gallery/blob/master/README.md",
  "demo": "http://blueimp.github.io/Gallery/"
}
